dataset,class,features,sample_rate,noise_rate,epochs,batch_size,data_length_time,n_h_block,n_train_h_block,n_valid_h_block,n_test_h_block,h_moving_step,segments_time,segments_overlap,inner_classifier,datetime,running_time,n_params,decision_time,decision_overlap,Core_mse_loss_mean,Core_mse_loss_std,Core_mse_loss_max,Core_mse_loss_min,Core_accuracy_mean,Core_accuracy_std,Core_accuracy_max,Core_accuracy_min,Core_precision_mean,Core_precision_std,Core_precision_max,Core_precision_min,Core_recall_mean,Core_recall_std,Core_recall_max,Core_recall_min,Core_f1_mean,Core_f1_std,Core_f1_max,Core_f1_min,MV_mse_loss_mean,MV_mse_loss_std,MV_mse_loss_max,MV_mse_loss_min,MV_accuracy_mean,MV_accuracy_std,MV_accuracy_max,MV_accuracy_min,MV_precision_mean,MV_precision_std,MV_precision_max,MV_precision_min,MV_recall_mean,MV_recall_std,MV_recall_max,MV_recall_min,MV_f1_mean,MV_f1_std,MV_f1_max,MV_f1_min,MS_mse_loss_mean,MS_mse_loss_std,MS_mse_loss_max,MS_mse_loss_min,MS_accuracy_mean,MS_accuracy_std,MS_accuracy_max,MS_accuracy_min,MS_precision_mean,MS_precision_std,MS_precision_max,MS_precision_min,MS_recall_mean,MS_recall_std,MS_recall_max,MS_recall_min,MS_f1_mean,MS_f1_std,MS_f1_max,MS_f1_min
./datasets/Healthy_Older_People/,12,"['X', 'Y', 'Z']",1,100,50,32,-1,15,9,2,4,1,00:00:03,0.75,KNN,2023:04:12 21:23:23,10 seconds,-1,00:00:04,0,0.107795266,0.008143432,0.122179845,0.094703481,0.330350236,0.046362931,0.398796734,0.242909325,0.321588598,0.058232753,0.410712058,0.237584778,0.326351536,0.049205434,0.415835373,0.264041843,0.312327712,0.054795733,0.399056022,0.237992716,0.106828356,0.007681138,0.120326601,0.094891491,0.324989257,0.041903656,0.383970778,0.246454663,0.321325323,0.056756712,0.40634261,0.234531037,0.32133843,0.045495973,0.402890002,0.257242624,0.307258862,0.051007438,0.382031486,0.231193547,0.104109816,0.008040003,0.117698933,0.090907463,0.334464976,0.046206933,0.406746884,0.24903309,0.326388305,0.059571513,0.425770515,0.232886136,0.331248853,0.0493811,0.425939202,0.260876691,0.318101302,0.055962545,0.4148478,0.231940263
./datasets/Healthy_Older_People/,12,"['X', 'Y', 'Z']",1,100,50,32,-1,15,9,2,4,1,00:00:03,0.75,KNN,2023:04:12 21:23:33,10 seconds,-1,00:00:05,0,0.107795266,0.008143432,0.122179845,0.094703481,0.330350236,0.046362931,0.398796734,0.242909325,0.321588598,0.058232753,0.410712058,0.237584778,0.326351536,0.049205434,0.415835373,0.264041843,0.312327712,0.054795733,0.399056022,0.237992716,0.103713866,0.007729195,0.116239868,0.091450876,0.330955455,0.045512559,0.397030342,0.245965139,0.323988403,0.058712109,0.416541557,0.239500718,0.326854841,0.048948036,0.415087515,0.263372042,0.312766817,0.054583155,0.396237829,0.238076287,0.101673122,0.008022675,0.114616957,0.088432202,0.339477082,0.051816225,0.422207876,0.245319561,0.332551589,0.066954711,0.455221784,0.232364626,0.336378159,0.05487423,0.440882729,0.261729056,0.32428501,0.063088406,0.439529849,0.232071691
./datasets/Healthy_Older_People/,12,"['X', 'Y', 'Z']",1,100,50,32,-1,15,9,2,4,1,00:00:03,0.75,KNN,2023:04:12 21:23:43,9 seconds,-1,00:00:06,0,0.107795266,0.008143432,0.122179845,0.094703481,0.330350236,0.046362931,0.398796734,0.242909325,0.321588598,0.058232753,0.410712058,0.237584778,0.326351536,0.049205434,0.415835373,0.264041843,0.312327712,0.054795733,0.399056022,0.237992716,0.099605669,0.008033325,0.111872982,0.08622892,0.336652314,0.049188823,0.41065662,0.249730893,0.327494307,0.062300745,0.422475855,0.232827933,0.332568016,0.052615509,0.426880529,0.261201928,0.318685317,0.059121771,0.413674148,0.234027255,0.0982108,0.008152703,0.110812702,0.084384643,0.340796555,0.051605519,0.422497309,0.248116254,0.333090964,0.066765681,0.453424631,0.233295739,0.337233318,0.054509619,0.439158377,0.264042667,0.324799635,0.062697951,0.438101486,0.234296237
./datasets/Healthy_Older_People/,12,"['X', 'Y', 'Z']",1,100,50,32,-1,15,9,2,4,1,00:00:04,0.75,KNN,2023:04:12 21:24:15,32 seconds,-1,00:00:06,0,0.106154081,0.008234144,0.119648236,0.091849541,0.33197074,0.048836504,0.406626506,0.23429432,0.330674358,0.063509061,0.454249631,0.238938897,0.326928014,0.048625627,0.418891262,0.261684312,0.317462377,0.059032751,0.427916753,0.227667832,0.102900995,0.007919453,0.116332903,0.090594794,0.332332041,0.049739809,0.408914729,0.233527132,0.332846114,0.064577955,0.460053495,0.239776864,0.327448598,0.049766938,0.421770624,0.261371049,0.318147217,0.060094829,0.431576846,0.226827785,0.099743995,0.008101485,0.111532802,0.08565413,0.341375969,0.051723264,0.423126615,0.245155039,0.336340225,0.064345968,0.46047367,0.250573514,0.337726047,0.052741207,0.438105656,0.272881416,0.328025944,0.060605633,0.441883982,0.251209866
./datasets/Healthy_Older_People/,12,"['X', 'Y', 'Z']",1,100,50,32,-1,15,9,2,4,1,00:00:03,0.75,KNN,2023:04:12 21:24:25,9 seconds,-1,00:00:07,0,0.107795266,0.008143432,0.122179845,0.094703481,0.330350236,0.046362931,0.398796734,0.242909325,0.321588598,0.058232753,0.410712058,0.237584778,0.326351536,0.049205434,0.415835373,0.264041843,0.312327712,0.054795733,0.399056022,0.237992716,0.097999018,0.008011929,0.110185784,0.084381438,0.34003881,0.048501983,0.419793014,0.25614489,0.330900749,0.062957214,0.440262709,0.23335493,0.33654064,0.052919175,0.440885738,0.264306925,0.322854435,0.059648632,0.430559424,0.235041444,0.096732009,0.008159479,0.109357781,0.08270447,0.342238034,0.050312814,0.421733506,0.251617076,0.334708361,0.066458943,0.456039152,0.231665128,0.339848166,0.054003418,0.44423169,0.26436064,0.327199571,0.06192168,0.44139118,0.233553721
./datasets/Healthy_Older_People/,12,"['X', 'Y', 'Z']",1,100,50,32,-1,15,9,2,4,1,00:00:04,0.75,KNN,2023:04:12 21:24:35,10 seconds,-1,00:00:07,0,0.106154081,0.008234144,0.119648236,0.091849541,0.33197074,0.048836504,0.406626506,0.23429432,0.330674358,0.063509061,0.454249631,0.238938897,0.326928014,0.048625627,0.418891262,0.261684312,0.317462377,0.059032751,0.427916753,0.227667832,0.10034423,0.008026609,0.113595972,0.086905788,0.330978027,0.050077084,0.404566997,0.230073244,0.333690881,0.065249559,0.459749784,0.238749429,0.32614504,0.050342116,0.417590768,0.256738858,0.317286157,0.061072186,0.428942708,0.221176427,0.097737595,0.008168011,0.10939744,0.082848628,0.344635933,0.054418247,0.433864713,0.249461439,0.339538206,0.06670986,0.468349954,0.254103288,0.342027929,0.057033888,0.451939784,0.276167025,0.331720826,0.063539038,0.451997232,0.254311793
./datasets/Healthy_Older_People/,12,"['X', 'Y', 'Z']",1,100,50,32,-1,15,9,2,4,1,00:00:05,0.75,KNN,2023:04:12 21:24:53,17 seconds,-1,00:00:07,0,0.103554502,0.008562823,0.116903633,0.089670401,0.32968548,0.047017249,0.403920724,0.255277897,0.335508225,0.073031872,0.451937386,0.217192273,0.323305853,0.048237613,0.407840768,0.240389284,0.31225173,0.062812023,0.41315678,0.209674669,0.102834626,0.008178931,0.116490737,0.088916415,0.315682895,0.039596877,0.379577768,0.250323137,0.334836605,0.074397138,0.453185623,0.210722225,0.307878721,0.041991347,0.379821371,0.233354645,0.295940825,0.058932025,0.385166665,0.196182607,0.096933793,0.008707992,0.110925607,0.082067715,0.334812581,0.048060963,0.413183972,0.25980181,0.334477037,0.069862415,0.450502757,0.218168932,0.32807755,0.048912755,0.412888168,0.245305025,0.316094739,0.061456957,0.415481514,0.21329321
./datasets/Healthy_Older_People/,12,"['X', 'Y', 'Z']",1,100,50,32,-1,15,9,2,4,1,00:00:03,0.75,KNN,2023:04:12 21:25:03,9 seconds,-1,00:00:08,0,0.107795266,0.008143432,0.122179845,0.094703481,0.330350236,0.046362931,0.398796734,0.242909325,0.321588598,0.058232753,0.410712058,0.237584778,0.326351536,0.049205434,0.415835373,0.264041843,0.312327712,0.054795733,0.399056022,0.237992716,0.096560647,0.008102706,0.108543191,0.082900783,0.341811321,0.04976493,0.421886792,0.256603774,0.332597836,0.065676283,0.449525494,0.232511617,0.338764465,0.053692491,0.440415971,0.262832619,0.325266024,0.06203437,0.437144781,0.23334724,0.095442562,0.008204346,0.107733282,0.081459376,0.342943396,0.050575274,0.421886792,0.25509434,0.334449699,0.066695835,0.452775962,0.231462559,0.340173259,0.054132701,0.440210913,0.261863627,0.327186688,0.062713556,0.438766072,0.231501146
./datasets/Healthy_Older_People/,12,"['X', 'Y', 'Z']",1,100,50,32,-1,15,9,2,4,1,00:00:04,0.75,KNN,2023:04:12 21:25:13,10 seconds,-1,00:00:08,0,0.106154081,0.008234144,0.119648236,0.091849541,0.33197074,0.048836504,0.406626506,0.23429432,0.330674358,0.063509061,0.454249631,0.238938897,0.326928014,0.048625627,0.418891262,0.261684312,0.317462377,0.059032751,0.427916753,0.227667832,0.098153625,0.008209775,0.111376147,0.084547581,0.337182947,0.050988415,0.412844037,0.234754452,0.336136184,0.066702391,0.463686932,0.234246421,0.332741486,0.050862053,0.426078351,0.262014557,0.323137116,0.061361159,0.435879884,0.227413237,0.095956467,0.008330944,0.107708221,0.081009174,0.347868322,0.053748724,0.441985969,0.254722072,0.342536558,0.065724249,0.474485561,0.254713607,0.344547355,0.055629441,0.458479749,0.276323672,0.334502367,0.06231549,0.458953007,0.254254899
./datasets/Healthy_Older_People/,12,"['X', 'Y', 'Z']",1,100,50,32,-1,15,9,2,4,1,00:00:05,0.75,KNN,2023:04:12 21:25:19,5 seconds,-1,00:00:08,0,0.103554502,0.008562823,0.116903633,0.089670401,0.32968548,0.047017249,0.403920724,0.255277897,0.335508225,0.073031872,0.451937386,0.217192273,0.323305853,0.048237613,0.407840768,0.240389284,0.31225173,0.062812023,0.41315678,0.209674669,0.097862694,0.00846822,0.112562368,0.083741125,0.327979275,0.044912149,0.398963731,0.251295337,0.340953684,0.07684552,0.465521275,0.210698766,0.322083326,0.047740757,0.405110768,0.234786876,0.311111002,0.063268454,0.411891964,0.20156188,0.093126919,0.008882876,0.107806803,0.078157983,0.346761658,0.054757825,0.439766839,0.266839378,0.344103892,0.073362992,0.467145579,0.227481391,0.34159328,0.055551854,0.442668513,0.253377649,0.330076103,0.066366925,0.443229234,0.224957814
./datasets/Healthy_Older_People/,12,"['X', 'Y', 'Z']",1,100,50,32,-1,15,9,2,4,1,00:00:06,0.75,KNN,2023:04:12 21:25:37,17 seconds,-1,00:00:08,0,0.103550912,0.008791445,0.116831825,0.089203648,0.324105989,0.042654491,0.387763895,0.265618268,0.331235937,0.064414511,0.449148043,0.235970372,0.31661773,0.044604362,0.392844168,0.250552932,0.306261817,0.052946459,0.398264009,0.225877389,0.103918929,0.007347769,0.114569869,0.092219589,0.315510556,0.035278623,0.365790607,0.268849634,0.335778918,0.0650245,0.455024576,0.246794429,0.30756346,0.038811385,0.370480414,0.261228692,0.297252898,0.0475723,0.375064003,0.23342434,0.097077409,0.008821809,0.110799943,0.082211331,0.336535976,0.046911676,0.406721241,0.27358897,0.33517673,0.06640221,0.455686273,0.238038253,0.329901071,0.048530103,0.409502756,0.262446165,0.318091952,0.056978125,0.411414233,0.235742297
./datasets/Healthy_Older_People/,12,"['X', 'Y', 'Z']",1,100,50,32,-1,15,9,2,4,1,00:00:03,0.75,KNN,2023:04:12 21:25:47,9 seconds,-1,00:00:09,0,0.107795266,0.008143432,0.122179845,0.094703481,0.330350236,0.046362931,0.398796734,0.242909325,0.321588598,0.058232753,0.410712058,0.237584778,0.326351536,0.049205434,0.415835373,0.264041843,0.312327712,0.054795733,0.399056022,0.237992716,0.094128504,0.008220092,0.105524161,0.07984099,0.340038873,0.051279273,0.423712342,0.248785228,0.333137948,0.064323826,0.448141382,0.241549441,0.337099548,0.055109751,0.443638337,0.26513009,0.324255437,0.062178992,0.437561545,0.237114487,0.093114394,0.008310975,0.104959268,0.078523238,0.342079689,0.052952897,0.428571429,0.245869776,0.335903284,0.067164538,0.460554203,0.243159266,0.339774217,0.056540034,0.449362728,0.267709455,0.327287851,0.064251353,0.447048374,0.238233836
./datasets/Healthy_Older_People/,12,"['X', 'Y', 'Z']",1,100,50,32,-1,15,9,2,4,1,00:00:04,0.75,KNN,2023:04:12 21:25:57,10 seconds,-1,00:00:09,0,0.106154081,0.008234144,0.119648236,0.091849541,0.33197074,0.048836504,0.406626506,0.23429432,0.330674358,0.063509061,0.454249631,0.238938897,0.326928014,0.048625627,0.418891262,0.261684312,0.317462377,0.059032751,0.427916753,0.227667832,0.096420433,0.008136445,0.108889249,0.082634691,0.335816062,0.050411115,0.411917098,0.237694301,0.335670116,0.067955032,0.467289855,0.23670153,0.330571358,0.050425297,0.423066045,0.264889961,0.321060081,0.061076445,0.434517068,0.229380446,0.094489421,0.008260138,0.105766348,0.079366364,0.348121762,0.05491086,0.442357513,0.255829016,0.341936689,0.06866196,0.475437121,0.252772618,0.344516017,0.057728904,0.458891311,0.278058821,0.334487898,0.064451494,0.459272704,0.254507158
./datasets/Healthy_Older_People/,12,"['X', 'Y', 'Z']",1,100,50,32,-1,15,9,2,4,1,00:00:05,0.75,KNN,2023:04:12 21:26:03,5 seconds,-1,00:00:09,0,0.103554502,0.008562823,0.116903633,0.089670401,0.32968548,0.047017249,0.403920724,0.255277897,0.335508225,0.073031872,0.451937386,0.217192273,0.323305853,0.048237613,0.407840768,0.240389284,0.31225173,0.062812023,0.41315678,0.209674669,0.09445736,0.00854566,0.109014562,0.079647852,0.328200692,0.0448364,0.400519031,0.25,0.342824659,0.076307651,0.470215616,0.216367034,0.321636505,0.047846292,0.404567117,0.231624855,0.310332248,0.064012392,0.411693943,0.197824516,0.090336199,0.008853966,0.10476139,0.07492611,0.347923875,0.054085879,0.433391003,0.264705882,0.344175036,0.073539988,0.466083711,0.222398796,0.342560163,0.054989919,0.434178825,0.250826993,0.330182862,0.065981894,0.436526656,0.219838004
./datasets/Healthy_Older_People/,12,"['X', 'Y', 'Z']",1,100,50,32,-1,15,9,2,4,1,00:00:06,0.75,KNN,2023:04:12 21:26:08,5 seconds,-1,00:00:09,0,0.103550912,0.008791445,0.116831825,0.089203648,0.324105989,0.042654491,0.387763895,0.265618268,0.331235937,0.064414511,0.449148043,0.235970372,0.31661773,0.044604362,0.392844168,0.250552932,0.306261817,0.052946459,0.398264009,0.225877389,0.098813807,0.007597293,0.110631357,0.086259835,0.322862694,0.040747814,0.388601036,0.266839378,0.33488749,0.067264368,0.463622173,0.237483183,0.315391181,0.043007625,0.392678796,0.252546405,0.305079007,0.051573594,0.398143161,0.227374988,0.093173695,0.008975716,0.107686864,0.077762186,0.343134715,0.052030633,0.429404145,0.271373057,0.337104,0.069824023,0.464901713,0.232351958,0.336535945,0.053229576,0.433282461,0.260014253,0.324657393,0.061900952,0.434239759,0.232684889
./datasets/Healthy_Older_People/,12,"['X', 'Y', 'Z']",1,100,50,32,-1,15,9,2,4,1,00:00:03,0.75,KNN,2023:04:12 21:26:18,9 seconds,-1,00:00:10,0,0.107795266,0.008143432,0.122179845,0.094703481,0.330350236,0.046362931,0.398796734,0.242909325,0.321588598,0.058232753,0.410712058,0.237584778,0.326351536,0.049205434,0.415835373,0.264041843,0.312327712,0.054795733,0.399056022,0.237992716,0.093078843,0.00809404,0.104184626,0.07902658,0.337284483,0.049716329,0.413793103,0.25,0.329253598,0.063745084,0.433599748,0.227708875,0.334330828,0.053033368,0.430935425,0.257837127,0.320967141,0.060603169,0.42327712,0.227648292,0.092168283,0.00816226,0.103583872,0.077852011,0.339331897,0.051169916,0.419181034,0.247844828,0.332771247,0.066857667,0.451422975,0.227123984,0.337100087,0.053921864,0.438300721,0.259940911,0.324624786,0.062455194,0.436056571,0.227759822
./datasets/Healthy_Older_People/,12,"['X', 'Y', 'Z']",1,100,50,32,-1,15,9,2,4,1,00:00:04,0.75,KNN,2023:04:12 21:26:28,10 seconds,-1,00:00:10,0,0.106154081,0.008234144,0.119648236,0.091849541,0.33197074,0.048836504,0.406626506,0.23429432,0.330674358,0.063509061,0.454249631,0.238938897,0.326928014,0.048625627,0.418891262,0.261684312,0.317462377,0.059032751,0.427916753,0.227667832,0.094853705,0.008206611,0.10745675,0.080904525,0.341603631,0.051668298,0.421331316,0.242813918,0.339404456,0.066721303,0.468248872,0.248689379,0.336663462,0.052229444,0.433848962,0.269714918,0.326663138,0.062358001,0.442335747,0.235662274,0.093116619,0.008309062,0.10443489,0.077944415,0.349773071,0.053440778,0.439485628,0.257942511,0.34323882,0.06644359,0.471614255,0.254716536,0.346039086,0.05573831,0.45589736,0.277169148,0.335534552,0.062604787,0.45518523,0.254855321
./datasets/Healthy_Older_People/,12,"['X', 'Y', 'Z']",1,100,50,32,-1,15,9,2,4,1,00:00:05,0.75,KNN,2023:04:12 21:26:34,5 seconds,-1,00:00:10,0,0.103554502,0.008562823,0.116903633,0.089670401,0.32968548,0.047017249,0.403920724,0.255277897,0.335508225,0.073031872,0.451937386,0.217192273,0.323305853,0.048237613,0.407840768,0.240389284,0.31225173,0.062812023,0.41315678,0.209674669,0.091822319,0.008853563,0.107114482,0.07649693,0.340086674,0.051390038,0.425785482,0.25460455,0.349163331,0.079203692,0.479441368,0.222030546,0.334531261,0.052632906,0.428290821,0.241480396,0.322670017,0.067406301,0.43239529,0.210639756,0.088128566,0.009045925,0.1030697,0.072535211,0.353521127,0.057993127,0.440953413,0.26652221,0.350132864,0.075630968,0.46970768,0.229650662,0.34947546,0.058503968,0.443336569,0.256236587,0.337398695,0.068882842,0.444086276,0.228475458
./datasets/Healthy_Older_People/,12,"['X', 'Y', 'Z']",1,100,50,32,-1,15,9,2,4,1,00:00:06,0.75,KNN,2023:04:12 21:26:39,5 seconds,-1,00:00:10,0,0.103550912,0.008791445,0.116831825,0.089203648,0.324105989,0.042654491,0.387763895,0.265618268,0.331235937,0.064414511,0.449148043,0.235970372,0.31661773,0.044604362,0.392844168,0.250552932,0.306261817,0.052946459,0.398264009,0.225877389,0.098813807,0.007597293,0.110631357,0.086259835,0.322862694,0.040747814,0.388601036,0.266839378,0.33488749,0.067264368,0.463622173,0.237483183,0.315391181,0.043007625,0.392678796,0.252546405,0.305079007,0.051573594,0.398143161,0.227374988,0.093173695,0.008975716,0.107686864,0.077762186,0.343134715,0.052030633,0.429404145,0.271373057,0.337104,0.069824023,0.464901713,0.232351958,0.336535945,0.053229576,0.433282461,0.260014253,0.324657393,0.061900952,0.434239759,0.232684889
./datasets/Healthy_Older_People/,12,"['X', 'Y', 'Z']",1,100,50,32,-1,15,9,2,4,1,00:00:07,0.75,KNN,2023:04:12 21:26:57,18 seconds,-1,00:00:10,0,0.102800576,0.008789057,0.116810655,0.089200864,0.31838013,0.043238689,0.377537797,0.252051836,0.331913757,0.076287951,0.447141825,0.214703725,0.312175142,0.046855776,0.390698926,0.235679793,0.302609636,0.060220364,0.392800134,0.205812327,0.104960661,0.007440369,0.116951783,0.093709398,0.305976613,0.038972739,0.359462971,0.248592464,0.335549406,0.08016736,0.455048422,0.218089087,0.299875833,0.045122059,0.381054698,0.230565597,0.290885664,0.059230575,0.383337204,0.202598505,0.096399054,0.008840614,0.110789303,0.082187455,0.32832395,0.044807105,0.39497618,0.263317453,0.332675992,0.072457751,0.445558578,0.225471132,0.322191066,0.04747621,0.404792008,0.249795147,0.311250674,0.059964647,0.40727485,0.223199112
./datasets/Healthy_Older_People/,12,"['X', 'Y', 'Z']",1,100,50,32,-1,15,9,2,4,1,00:00:03,0.75,KNN,2023:04:12 21:27:07,9 seconds,-1,00:00:30,0,0.107795266,0.008143432,0.122179845,0.094703481,0.330350236,0.046362931,0.398796734,0.242909325,0.321588598,0.058232753,0.410712058,0.237584778,0.326351536,0.049205434,0.415835373,0.264041843,0.312327712,0.054795733,0.399056022,0.237992716,0.075861409,0.007698504,0.087979872,0.062064372,0.354471545,0.05814003,0.455284553,0.256097561,0.350423351,0.079954725,0.502087627,0.230424341,0.352819891,0.061383219,0.476117052,0.260804208,0.338994497,0.071253008,0.475835419,0.231866364,0.075345088,0.00779121,0.08818352,0.061350738,0.356910569,0.05581998,0.455284553,0.264227642,0.351789967,0.077887807,0.502087627,0.228341008,0.354625877,0.059302238,0.476117052,0.260804208,0.340962795,0.069565068,0.475835419,0.230755253
./datasets/Healthy_Older_People/,12,"['X', 'Y', 'Z']",1,100,50,32,-1,15,9,2,4,1,00:00:04,0.75,KNN,2023:04:12 21:27:17,10 seconds,-1,00:00:30,0,0.106154081,0.008234144,0.119648236,0.091849541,0.33197074,0.048836504,0.406626506,0.23429432,0.330674358,0.063509061,0.454249631,0.238938897,0.326928014,0.048625627,0.418891262,0.261684312,0.317462377,0.059032751,0.427916753,0.227667832,0.078385254,0.007963427,0.090405787,0.064191849,0.353846154,0.059278011,0.443786982,0.25739645,0.351724339,0.075414629,0.489386392,0.251355177,0.350203555,0.060602506,0.456458114,0.277059249,0.339629586,0.069941218,0.463505888,0.253915724,0.077598328,0.008097419,0.090132521,0.062432191,0.357100592,0.059127942,0.461538462,0.263313609,0.354152115,0.073281299,0.499756121,0.256499112,0.354219051,0.060988082,0.477622887,0.285392582,0.343283907,0.068820729,0.478748136,0.257734423
./datasets/Healthy_Older_People/,12,"['X', 'Y', 'Z']",1,100,50,32,-1,15,9,2,4,1,00:00:05,0.75,KNN,2023:04:12 21:27:23,5 seconds,-1,00:00:30,0,0.103554502,0.008562823,0.116903633,0.089670401,0.32968548,0.047017249,0.403920724,0.255277897,0.335508225,0.073031872,0.451937386,0.217192273,0.323305853,0.048237613,0.407840768,0.240389284,0.31225173,0.062812023,0.41315678,0.209674669,0.072778393,0.008332592,0.087725219,0.057868832,0.357674419,0.060944433,0.474418605,0.279069767,0.363456529,0.093129981,0.529903903,0.230082777,0.352170074,0.063174183,0.476770061,0.263802685,0.33795852,0.07768457,0.478876133,0.232110515,0.070866424,0.008338998,0.085094658,0.0558412,0.368837209,0.064651163,0.479069767,0.293023256,0.363501404,0.087386595,0.522668816,0.245071595,0.366588793,0.067150516,0.485834388,0.283247129,0.351142221,0.077320135,0.490671359,0.251887132
./datasets/Healthy_Older_People/,12,"['X', 'Y', 'Z']",1,100,50,32,-1,15,9,2,4,1,00:00:06,0.75,KNN,2023:04:12 21:27:32,9 seconds,-1,00:00:30,0,0.103550912,0.008791445,0.116831825,0.089203648,0.324105989,0.042654491,0.387763895,0.265618268,0.331235937,0.064414511,0.449148043,0.235970372,0.31661773,0.044604362,0.392844168,0.250552932,0.306261817,0.052946459,0.398264009,0.225877389,0.076430046,0.007860386,0.089507939,0.062192679,0.336466165,0.048414572,0.409774436,0.266917293,0.35060622,0.074328221,0.493557758,0.263588852,0.32879141,0.051601627,0.420014269,0.246403476,0.316963391,0.061027455,0.420042719,0.220642393,0.073781448,0.008762934,0.088988691,0.05771132,0.362030075,0.065245875,0.488721805,0.270676692,0.35711494,0.086025973,0.532960186,0.231277981,0.356292395,0.068708575,0.498217679,0.258423978,0.341823276,0.076361034,0.497940184,0.23024161
./datasets/Healthy_Older_People/,12,"['X', 'Y', 'Z']",1,100,50,32,-1,15,9,2,4,1,00:00:07,0.75,KNN,2023:04:12 21:27:37,5 seconds,-1,00:00:30,0,0.102800576,0.008789057,0.116810655,0.089200864,0.31838013,0.043238689,0.377537797,0.252051836,0.331913757,0.076287951,0.447141825,0.214703725,0.312175142,0.046855776,0.390698926,0.235679793,0.302609636,0.060220364,0.392800134,0.205812327,0.079205913,0.007974165,0.093307169,0.064209838,0.329538462,0.049831907,0.4,0.258461538,0.339615771,0.095266035,0.491168295,0.190713768,0.32342432,0.05451332,0.41594363,0.242184479,0.308089225,0.068627366,0.41172902,0.200498283,0.075337389,0.008818146,0.090175301,0.059304029,0.353538462,0.058257945,0.44,0.261538462,0.346765756,0.08110226,0.480101413,0.217097981,0.348061183,0.057568228,0.440689531,0.246570444,0.335218644,0.06962259,0.449220533,0.218317912
./datasets/Healthy_Older_People/,12,"['X', 'Y', 'Z']",1,100,50,32,-1,15,9,2,4,1,00:00:08,0.75,KNN,2023:04:12 21:27:56,18 seconds,-1,00:00:30,0,0.10187905,0.008319301,0.11537077,0.089686825,0.315010799,0.045807613,0.362203024,0.225701944,0.317431426,0.074979906,0.430778777,0.220504726,0.305994239,0.043256636,0.363865834,0.234352807,0.288708708,0.06145093,0.371032528,0.202917981,0.081673063,0.007736383,0.095970395,0.071896321,0.327894737,0.05040281,0.386842105,0.236842105,0.334018961,0.08581777,0.468414888,0.21786153,0.318617875,0.048192653,0.388250058,0.241997784,0.29715861,0.066694195,0.389203872,0.202602238,0.076829313,0.008500178,0.091860076,0.063562987,0.356578947,0.061019161,0.452631579,0.265789474,0.347382403,0.077749283,0.468037,0.226431029,0.347435951,0.058064741,0.439998316,0.249408851,0.333822086,0.068949694,0.442147844,0.222761039
./datasets/Healthy_Older_People/,12,"['X', 'Y', 'Z']",1,100,50,32,-1,15,9,2,4,1,00:00:09,0.75,KNN,2023:04:12 21:28:08,12 seconds,-1,00:00:30,0,0.101194336,0.006685491,0.112381107,0.091520752,0.312840467,0.035255486,0.352788586,0.254539559,0.326593372,0.060521351,0.423827558,0.233177044,0.300526399,0.035607184,0.351255255,0.235565391,0.288108105,0.045995518,0.348385947,0.215417773,0.080364035,0.006510624,0.093607456,0.072483553,0.324342105,0.05010809,0.398026316,0.243421053,0.344912552,0.08087914,0.451351807,0.213237534,0.310856125,0.055263092,0.393205693,0.217116994,0.292862605,0.064601762,0.38310893,0.192365702,0.074264529,0.006670512,0.087639803,0.063500548,0.357236842,0.054830701,0.4375,0.263157895,0.344443326,0.082969482,0.479234739,0.214635156,0.345846542,0.060758244,0.441772142,0.243812823,0.328902667,0.069351123,0.425280165,0.217375407
./datasets/Healthy_Older_People/,12,"['X', 'Y', 'Z']",1,100,50,32,-1,15,9,2,4,1,00:00:10,0.75,KNN,2023:04:12 21:28:21,12 seconds,-1,00:00:30,0,0.101581113,0.007195893,0.113601906,0.090724496,0.310851202,0.038758485,0.363547758,0.237491878,0.312572296,0.056663437,0.415076575,0.234251107,0.299269385,0.040047005,0.359867054,0.236427339,0.281517857,0.047257876,0.354335219,0.215610841,0.081607633,0.00676996,0.095262591,0.069750637,0.325297619,0.052045905,0.419642857,0.232142857,0.329099387,0.072441354,0.47820834,0.223723647,0.312903948,0.053010617,0.41371048,0.231961397,0.287630277,0.062283587,0.396745593,0.202854742,0.076139036,0.007293264,0.090485989,0.063681903,0.357738095,0.0568725,0.43452381,0.25297619,0.343674912,0.077705039,0.460034491,0.19587993,0.345636639,0.058059803,0.429186685,0.22652509,0.329575154,0.070073727,0.42143444,0.192445983
./datasets/Healthy_Older_People/,12,"['X', 'Y', 'Z']",1,100,50,32,-1,15,9,2,4,1,00:00:03,0.75,KNN,2023:04:12 21:28:30,9 seconds,-1,00:01:00,0,0.107795266,0.008143432,0.122179845,0.094703481,0.330350236,0.046362931,0.398796734,0.242909325,0.321588598,0.058232753,0.410712058,0.237584778,0.326351536,0.049205434,0.415835373,0.264041843,0.312327712,0.054795733,0.399056022,0.237992716,0.066853108,0.007249998,0.0778375,0.052744021,0.389473684,0.079258646,0.51754386,0.245614035,0.392605806,0.09044357,0.572234848,0.244977082,0.381171236,0.079415106,0.515993266,0.270084776,0.367013244,0.087538842,0.516002737,0.245244679,0.066428751,0.007376522,0.078191839,0.052179716,0.39122807,0.074556243,0.5,0.254385965,0.392804312,0.088649949,0.572234848,0.254271886,0.382666246,0.074105909,0.511099086,0.275640332,0.369339791,0.083029288,0.516002737,0.252935595
./datasets/Healthy_Older_People/,12,"['X', 'Y', 'Z']",1,100,50,32,-1,15,9,2,4,1,00:00:04,0.75,KNN,2023:04:12 21:28:41,10 seconds,-1,00:01:00,0,0.106154081,0.008234144,0.119648236,0.091849541,0.33197074,0.048836504,0.406626506,0.23429432,0.330674358,0.063509061,0.454249631,0.238938897,0.326928014,0.048625627,0.418891262,0.261684312,0.317462377,0.059032751,0.427916753,0.227667832,0.069310344,0.007691411,0.081282226,0.055396177,0.386163522,0.072651719,0.522012579,0.270440252,0.390779137,0.086438228,0.568531181,0.265044824,0.385285825,0.073281299,0.544361194,0.309848485,0.372256167,0.081475174,0.544231554,0.278266967,0.06872421,0.007774687,0.081248673,0.053983229,0.386792453,0.075274901,0.547169811,0.270440252,0.389033074,0.092752519,0.584654356,0.273137973,0.38537481,0.076418352,0.567834943,0.309848485,0.371874353,0.084428954,0.561236033,0.283736583
./datasets/Healthy_Older_People/,12,"['X', 'Y', 'Z']",1,100,50,32,-1,15,9,2,4,1,00:00:05,0.75,KNN,2023:04:12 21:28:46,5 seconds,-1,00:01:00,0,0.103554502,0.008562823,0.116903633,0.089670401,0.32968548,0.047017249,0.403920724,0.255277897,0.335508225,0.073031872,0.451937386,0.217192273,0.323305853,0.048237613,0.407840768,0.240389284,0.31225173,0.062812023,0.41315678,0.209674669,0.064656589,0.00822755,0.080241035,0.050021836,0.403061224,0.084422975,0.56122449,0.275510204,0.400674355,0.121462427,0.63944962,0.235072952,0.389559168,0.084031141,0.559778185,0.27261396,0.368733851,0.102561266,0.556340267,0.218164488,0.063073276,0.008199034,0.077957924,0.0481893,0.42244898,0.088393501,0.581632653,0.285714286,0.404142441,0.114262993,0.639378307,0.249116162,0.410814764,0.086313573,0.579454111,0.286502849,0.389328086,0.098742821,0.581136452,0.243543276
./datasets/Healthy_Older_People/,12,"['X', 'Y', 'Z']",1,100,50,32,-1,15,9,2,4,1,00:00:06,0.75,KNN,2023:04:12 21:28:51,5 seconds,-1,00:01:00,0,0.103550912,0.008791445,0.116831825,0.089203648,0.324105989,0.042654491,0.387763895,0.265618268,0.331235937,0.064414511,0.449148043,0.235970372,0.31661773,0.044604362,0.392844168,0.250552932,0.306261817,0.052946459,0.398264009,0.225877389,0.067998539,0.007560971,0.080055393,0.054726686,0.371666667,0.076666667,0.5,0.258333333,0.401867039,0.11589749,0.664920403,0.267043102,0.361055345,0.077559918,0.488857323,0.23851461,0.345816702,0.087008519,0.495561157,0.210727253,0.065823949,0.008380901,0.080323736,0.05079539,0.393333333,0.094853689,0.566666667,0.258333333,0.389390438,0.118364315,0.631604738,0.213293651,0.384555525,0.095414398,0.564566799,0.242086039,0.367256561,0.104324331,0.576622316,0.213509193
./datasets/Healthy_Older_People/,12,"['X', 'Y', 'Z']",1,100,50,32,-1,15,9,2,4,1,00:00:07,0.75,KNN,2023:04:12 21:28:56,5 seconds,-1,00:01:00,0,0.102800576,0.008789057,0.116810655,0.089200864,0.31838013,0.043238689,0.377537797,0.252051836,0.331913757,0.076287951,0.447141825,0.214703725,0.312175142,0.046855776,0.390698926,0.235679793,0.302609636,0.060220364,0.392800134,0.205812327,0.070505908,0.007388108,0.084801428,0.057668658,0.353846154,0.054635035,0.433566434,0.272727273,0.381708563,0.098817915,0.561136713,0.227969471,0.346216618,0.056253254,0.455302957,0.265817589,0.329024935,0.071256979,0.454671525,0.223174452,0.067230012,0.008081759,0.081880398,0.053516636,0.386013986,0.073263222,0.503496503,0.286713287,0.384815683,0.099038429,0.566252241,0.261459836,0.379458068,0.0707874,0.506886705,0.283810013,0.362360013,0.081849643,0.516980287,0.250747185
./datasets/Healthy_Older_People/,12,"['X', 'Y', 'Z']",1,100,50,32,-1,15,9,2,4,1,00:00:08,0.75,KNN,2023:04:12 21:29:01,5 seconds,-1,00:01:00,0,0.10187905,0.008319301,0.11537077,0.089686825,0.315010799,0.045807613,0.362203024,0.225701944,0.317431426,0.074979906,0.430778777,0.220504726,0.305994239,0.043256636,0.363865834,0.234352807,0.288708708,0.06145093,0.371032528,0.202917981,0.07236079,0.007407913,0.087044286,0.06319772,0.334146341,0.056664684,0.408536585,0.237804878,0.361772818,0.100603124,0.54492403,0.220084329,0.324332808,0.056532867,0.403491647,0.213613239,0.303010166,0.079307704,0.439792918,0.176919398,0.068336595,0.007973209,0.083358426,0.056647791,0.373780488,0.07048158,0.487804878,0.274390244,0.382813083,0.087521445,0.5320759,0.25887506,0.365268759,0.06393391,0.477769337,0.283251008,0.35327214,0.075214792,0.480914427,0.242156482
./datasets/Healthy_Older_People/,12,"['X', 'Y', 'Z']",1,100,50,32,-1,15,9,2,4,1,00:00:09,0.75,KNN,2023:04:12 21:29:05,3 seconds,-1,00:01:00,0,0.101194336,0.006685491,0.112381107,0.091520752,0.312840467,0.035255486,0.352788586,0.254539559,0.326593372,0.060521351,0.423827558,0.233177044,0.300526399,0.035607184,0.351255255,0.235565391,0.288108105,0.045995518,0.348385947,0.215417773,0.070970087,0.006413332,0.083495825,0.062533181,0.348818898,0.058506639,0.42519685,0.251968504,0.398176471,0.102249291,0.587525602,0.262696409,0.332428593,0.059497339,0.429144385,0.231032312,0.312956939,0.068518797,0.404885913,0.204008294,0.065759071,0.006416057,0.078364318,0.055517517,0.373228346,0.062418649,0.456692913,0.251968504,0.371523437,0.109484899,0.569398657,0.183802309,0.36015942,0.067322032,0.466916716,0.231032312,0.339476899,0.081411608,0.452357054,0.192472342
./datasets/Healthy_Older_People/,12,"['X', 'Y', 'Z']",1,100,50,32,-1,15,9,2,4,1,00:00:10,0.75,KNN,2023:04:12 21:29:08,3 seconds,-1,00:01:00,0,0.101581113,0.007195893,0.113601906,0.090724496,0.310851202,0.038758485,0.363547758,0.237491878,0.312572296,0.056663437,0.415076575,0.234251107,0.299269385,0.040047005,0.359867054,0.236427339,0.281517857,0.047257876,0.354335219,0.215610841,0.072028701,0.006412019,0.084739175,0.061162842,0.336170213,0.055319149,0.425531915,0.234042553,0.346410429,0.08100976,0.494435737,0.192930044,0.322883823,0.054383224,0.413320707,0.232009109,0.291286056,0.060059257,0.382445158,0.195706784,0.067630922,0.006923594,0.081105965,0.056157293,0.372340426,0.066549618,0.482269504,0.255319149,0.357293455,0.08608399,0.50988456,0.217722474,0.356659186,0.067716945,0.471595595,0.232009109,0.338179407,0.079271939,0.467277191,0.194978361
./datasets/Healthy_Older_People/,12,"['X', 'Y', 'Z']",1,100,50,32,-1,15,9,2,4,1,00:00:30,0.75,KNN,2023:04:12 21:29:14,6 seconds,-1,00:01:00,0,0.094168881,0.005372128,0.100900502,0.083333333,0.262710363,0.040942253,0.332152347,0.206377325,0.33572142,0.054954124,0.408192212,0.245058184,0.237808281,0.040571975,0.319039627,0.189262036,0.215906414,0.038743725,0.290112793,0.152143908,0.097354354,0.007715958,0.11045045,0.084354354,0.264414414,0.049918772,0.342342342,0.198198198,0.307536425,0.075732237,0.436040669,0.149267399,0.238595984,0.049416799,0.335541311,0.170274585,0.212851632,0.048307942,0.293793493,0.126878808,0.076923423,0.004625592,0.082477477,0.068828829,0.286936937,0.037038424,0.342342342,0.22972973,0.302824689,0.068508843,0.396673789,0.18345679,0.260772833,0.032029764,0.326591847,0.207121805,0.236844654,0.034408575,0.308122459,0.160908733
./datasets/Healthy_Older_People/,12,"['X', 'Y', 'Z']",1,100,50,32,-1,15,9,2,4,1,00:00:03,0.75,KNN,2023:04:12 21:29:24,9 seconds,-1,00:02:00,0,0.107795266,0.008143432,0.122179845,0.094703481,0.330350236,0.046362931,0.398796734,0.242909325,0.321588598,0.058232753,0.410712058,0.237584778,0.326351536,0.049205434,0.415835373,0.264041843,0.312327712,0.054795733,0.399056022,0.237992716,0.060645743,0.007446193,0.071835999,0.046697903,0.428301887,0.093980448,0.58490566,0.283018868,0.411348513,0.135661434,0.673855311,0.184974747,0.407956349,0.092362526,0.578571429,0.295238095,0.385290649,0.109122964,0.574874608,0.214225589,0.060246675,0.007578227,0.072221729,0.04620673,0.432075472,0.092606726,0.566037736,0.264150943,0.421817419,0.12103274,0.673855311,0.263293651,0.413511905,0.087367465,0.568055556,0.286309524,0.392793811,0.100309969,0.566666667,0.257407407
./datasets/Healthy_Older_People/,12,"['X', 'Y', 'Z']",1,100,50,32,-1,15,9,2,4,1,00:00:04,0.75,KNN,2023:04:12 21:29:34,10 seconds,-1,00:02:00,0,0.106154081,0.008234144,0.119648236,0.091849541,0.33197074,0.048836504,0.406626506,0.23429432,0.330674358,0.063509061,0.454249631,0.238938897,0.326928014,0.048625627,0.418891262,0.261684312,0.317462377,0.059032751,0.427916753,0.227667832,0.062320761,0.007312636,0.073602076,0.049148051,0.428767123,0.109939508,0.616438356,0.246575342,0.433543504,0.122043496,0.686653828,0.231746032,0.423551587,0.10927872,0.631547619,0.284126984,0.406001215,0.117307371,0.638786676,0.239351852,0.06186279,0.007347827,0.073567301,0.047989987,0.42739726,0.098744226,0.616438356,0.260273973,0.430242533,0.1139391,0.686177249,0.263095238,0.420952381,0.098916609,0.635119048,0.298015873,0.404518673,0.106004236,0.633686452,0.267676768
./datasets/Healthy_Older_People/,12,"['X', 'Y', 'Z']",1,100,50,32,-1,15,9,2,4,1,00:00:05,0.75,KNN,2023:04:12 21:29:40,5 seconds,-1,00:02:00,0,0.103554502,0.008562823,0.116903633,0.089670401,0.32968548,0.047017249,0.403920724,0.255277897,0.335508225,0.073031872,0.451937386,0.217192273,0.323305853,0.048237613,0.407840768,0.240389284,0.31225173,0.062812023,0.41315678,0.209674669,0.060391068,0.008458973,0.075345459,0.046702281,0.429545455,0.098254392,0.613636364,0.272727273,0.414336543,0.152159842,0.652146465,0.104482323,0.426388889,0.10361893,0.625,0.25,0.392299158,0.123073871,0.600093371,0.145944742,0.059035946,0.008313449,0.073134221,0.045167684,0.445454545,0.117304435,0.636363636,0.295454545,0.445906223,0.155886838,0.748183761,0.239204545,0.445138889,0.113662122,0.652777778,0.284722222,0.419913377,0.127165502,0.655012531,0.252095535
./datasets/Healthy_Older_People/,12,"['X', 'Y', 'Z']",1,100,50,32,-1,15,9,2,4,1,00:00:06,0.75,KNN,2023:04:12 21:29:45,5 seconds,-1,00:02:00,0,0.103550912,0.008791445,0.116831825,0.089203648,0.324105989,0.042654491,0.387763895,0.265618268,0.331235937,0.064414511,0.449148043,0.235970372,0.31661773,0.044604362,0.392844168,0.250552932,0.306261817,0.052946459,0.398264009,0.225877389,0.061817036,0.007503119,0.073848719,0.049189518,0.403773585,0.085303053,0.547169811,0.283018868,0.39759353,0.133242128,0.620039683,0.195833333,0.378690476,0.08175861,0.52797619,0.273611111,0.356010291,0.093333881,0.502904756,0.21809835,0.059750204,0.008253525,0.073809206,0.044829486,0.439622642,0.120533406,0.698113208,0.301886792,0.421759703,0.151954508,0.750347222,0.234554335,0.415436508,0.118069054,0.678769841,0.277777778,0.39107243,0.127489426,0.665094527,0.227687128
./datasets/Healthy_Older_People/,12,"['X', 'Y', 'Z']",1,100,50,32,-1,15,9,2,4,1,00:00:07,0.75,KNN,2023:04:12 21:29:50,5 seconds,-1,00:02:00,0,0.102800576,0.008789057,0.116810655,0.089200864,0.31838013,0.043238689,0.377537797,0.252051836,0.331913757,0.076287951,0.447141825,0.214703725,0.312175142,0.046855776,0.390698926,0.235679793,0.302609636,0.060220364,0.392800134,0.205812327,0.064332736,0.007715845,0.078776523,0.051638874,0.377272727,0.066200158,0.484848485,0.287878788,0.393737763,0.126009207,0.653516624,0.211640212,0.371111111,0.073644937,0.525,0.273148148,0.343940908,0.08535058,0.491098716,0.201725328,0.06144313,0.008267495,0.07604925,0.048113083,0.422727273,0.099227966,0.606060606,0.287878788,0.415334479,0.126396554,0.686255411,0.247763348,0.409907407,0.096147989,0.606481481,0.273148148,0.38899608,0.107809199,0.609224169,0.241734654
./datasets/Healthy_Older_People/,12,"['X', 'Y', 'Z']",1,100,50,32,-1,15,9,2,4,1,00:00:08,0.75,KNN,2023:04:12 21:29:55,5 seconds,-1,00:02:00,0,0.10187905,0.008319301,0.11537077,0.089686825,0.315010799,0.045807613,0.362203024,0.225701944,0.317431426,0.074979906,0.430778777,0.220504726,0.305994239,0.043256636,0.363865834,0.234352807,0.288708708,0.06145093,0.371032528,0.202917981,0.066213809,0.00725814,0.079961698,0.057879006,0.356,0.068,0.44,0.24,0.366531413,0.116213159,0.599195906,0.228174603,0.346488095,0.062085997,0.423809524,0.239087302,0.316562562,0.082644177,0.461007447,0.20005623,0.062619028,0.007611764,0.076604767,0.051930851,0.4,0.089442719,0.546666667,0.253333333,0.395815584,0.104528099,0.604166667,0.256359649,0.390456349,0.075843261,0.535714286,0.281349206,0.369856378,0.083759146,0.532047227,0.268233618
./datasets/Healthy_Older_People/,12,"['X', 'Y', 'Z']",1,100,50,32,-1,15,9,2,4,1,00:00:09,0.75,KNN,2023:04:12 21:29:58,3 seconds,-1,00:02:00,0,0.101194336,0.006685491,0.112381107,0.091520752,0.312840467,0.035255486,0.352788586,0.254539559,0.326593372,0.060521351,0.423827558,0.233177044,0.300526399,0.035607184,0.351255255,0.235565391,0.288108105,0.045995518,0.348385947,0.215417773,0.065017024,0.006729086,0.077033333,0.055302381,0.358928571,0.068442028,0.446428571,0.25,0.342036817,0.122620878,0.535984848,0.15,0.328541667,0.058501288,0.420833333,0.229166667,0.289131256,0.070325182,0.402168202,0.169907407,0.060398631,0.006568573,0.072821429,0.051832143,0.407142857,0.067668912,0.5,0.285714286,0.390228129,0.101030293,0.546474359,0.256481481,0.390694444,0.066633528,0.504166667,0.284027778,0.356173839,0.073165064,0.44469697,0.23236532
./datasets/Healthy_Older_People/,12,"['X', 'Y', 'Z']",1,100,50,32,-1,15,9,2,4,1,00:00:10,0.75,KNN,2023:04:12 21:30:02,3 seconds,-1,00:02:00,0,0.101581113,0.007195893,0.113601906,0.090724496,0.310851202,0.038758485,0.363547758,0.237491878,0.312572296,0.056663437,0.415076575,0.234251107,0.299269385,0.040047005,0.359867054,0.236427339,0.281517857,0.047257876,0.354335219,0.215610841,0.065752821,0.006467672,0.078089738,0.056240542,0.382258065,0.067684307,0.483870968,0.258064516,0.346875139,0.113881372,0.520634921,0.169444444,0.371574074,0.066997139,0.472222222,0.229166667,0.322460471,0.081753102,0.437352254,0.188425926,0.062039825,0.006686023,0.075167264,0.052384176,0.40483871,0.058799117,0.5,0.290322581,0.364596399,0.094796326,0.55952381,0.19484127,0.390810185,0.059719445,0.465277778,0.260416667,0.35825991,0.071058526,0.464267055,0.208627946
./datasets/Healthy_Older_People/,12,"['X', 'Y', 'Z']",1,100,50,32,-1,15,9,2,4,1,00:00:30,0.75,KNN,2023:04:12 21:30:03,1 seconds,-1,00:02:00,0,0.094168881,0.005372128,0.100900502,0.083333333,0.262710363,0.040942253,0.332152347,0.206377325,0.33572142,0.054954124,0.408192212,0.245058184,0.237808281,0.040571975,0.319039627,0.189262036,0.215906414,0.038743725,0.290112793,0.152143908,0.089357635,0.008038539,0.10591229,0.077190932,0.265432099,0.046603916,0.333333333,0.209876543,0.281875773,0.077743101,0.362028302,0.152369281,0.241080447,0.048428127,0.328102453,0.180555556,0.207646475,0.053185273,0.311934563,0.126708469,0.07070945,0.003857368,0.075699467,0.065496627,0.311111111,0.036539873,0.382716049,0.24691358,0.291488782,0.072211079,0.377545156,0.136090761,0.289349747,0.031137645,0.341269841,0.25036075,0.256063107,0.040622557,0.313016136,0.170115812
./datasets/Healthy_Older_People/,12,"['X', 'Y', 'Z']",1,100,50,32,-1,15,9,2,4,1,00:01:00,0.75,KNN,2023:04:12 21:30:07,4 seconds,-1,00:02:00,0,0.099136442,0.006150152,0.109671848,0.088082902,0.221588946,0.073831116,0.317789292,0.094991364,0.223331754,0.051192294,0.312001806,0.164108195,0.200387711,0.064285407,0.292476316,0.099426562,0.168497692,0.059567294,0.254177041,0.08230902,0.104220238,0.012894249,0.124345238,0.088988095,0.219642857,0.082530143,0.339285714,0.0625,0.197252477,0.076739008,0.351274883,0.082020757,0.200215548,0.075953778,0.314814815,0.063756614,0.165441067,0.068661552,0.271273171,0.064596066,0.082276786,0.006194742,0.091964286,0.072589286,0.250892857,0.080004185,0.330357143,0.116071429,0.203072812,0.089204577,0.368654262,0.091203704,0.227472042,0.071928332,0.311279461,0.104861111,0.191530309,0.06837399,0.280016743,0.08643765
./datasets/Healthy_Older_People/,12,"['X', 'Y', 'Z']",1,100,50,32,-1,15,9,2,4,1,00:00:03,0.75,KNN,2023:04:12 21:30:17,9 seconds,-1,00:03:00,0,0.107795266,0.008143432,0.122179845,0.094703481,0.330350236,0.046362931,0.398796734,0.242909325,0.321588598,0.058232753,0.410712058,0.237584778,0.326351536,0.049205434,0.415835373,0.264041843,0.312327712,0.054795733,0.399056022,0.237992716,0.058372213,0.007631965,0.071451649,0.047236474,0.438235294,0.115007146,0.617647059,0.235294118,0.432782588,0.129534748,0.68015873,0.279861111,0.438888889,0.118393308,0.638888889,0.255555556,0.402721191,0.123160849,0.62037037,0.237148962,0.057979918,0.00781617,0.071341294,0.046734007,0.441176471,0.102730878,0.588235294,0.264705882,0.431246693,0.119560324,0.68015873,0.279861111,0.442777778,0.106640622,0.638888889,0.283333333,0.407355654,0.111958577,0.62037037,0.250610501
./datasets/Healthy_Older_People/,12,"['X', 'Y', 'Z']",1,100,50,32,-1,15,9,2,4,1,00:00:04,0.75,KNN,2023:04:12 21:30:27,10 seconds,-1,00:03:00,0,0.106154081,0.008234144,0.119648236,0.091849541,0.33197074,0.048836504,0.406626506,0.23429432,0.330674358,0.063509061,0.454249631,0.238938897,0.326928014,0.048625627,0.418891262,0.261684312,0.317462377,0.059032751,0.427916753,0.227667832,0.059312527,0.007502777,0.07181879,0.046434498,0.45,0.102911308,0.630434783,0.239130435,0.429280372,0.119482557,0.714880952,0.256944444,0.447222222,0.098464288,0.631944444,0.256944444,0.417275437,0.104360436,0.642066036,0.249834656,0.058896449,0.007530065,0.071786639,0.045325938,0.45,0.107405385,0.652173913,0.239130435,0.424001323,0.127803195,0.736111111,0.256944444,0.446527778,0.105457282,0.659722222,0.256944444,0.414236504,0.112316345,0.661805556,0.249834656
./datasets/Healthy_Older_People/,12,"['X', 'Y', 'Z']",1,100,50,32,-1,15,9,2,4,1,00:00:05,0.75,KNN,2023:04:12 21:30:32,5 seconds,-1,00:03:00,0,0.103554502,0.008562823,0.116903633,0.089670401,0.32968548,0.047017249,0.403920724,0.255277897,0.335508225,0.073031872,0.451937386,0.217192273,0.323305853,0.048237613,0.407840768,0.240389284,0.31225173,0.062812023,0.41315678,0.209674669,0.056347769,0.008660844,0.072220763,0.044399672,0.466666667,0.120811159,0.703703704,0.296296296,0.410295214,0.159986791,0.678174603,0.151388889,0.448611111,0.109149348,0.680555556,0.291666667,0.402571919,0.132673617,0.644336219,0.203174603,0.055091141,0.008599833,0.069965368,0.042712317,0.485185185,0.122222222,0.703703704,0.296296296,0.429966931,0.149053056,0.700396825,0.166666667,0.466666667,0.104481007,0.666666667,0.291666667,0.425194574,0.123006022,0.635606061,0.208333333
./datasets/Healthy_Older_People/,12,"['X', 'Y', 'Z']",1,100,50,32,-1,15,9,2,4,1,00:00:06,0.75,KNN,2023:04:12 21:30:38,5 seconds,-1,00:03:00,0,0.103550912,0.008791445,0.116831825,0.089203648,0.324105989,0.042654491,0.387763895,0.265618268,0.331235937,0.064414511,0.449148043,0.235970372,0.31661773,0.044604362,0.392844168,0.250552932,0.306261817,0.052946459,0.398264009,0.225877389,0.059448441,0.007697947,0.071857109,0.048903227,0.426470588,0.091366027,0.558823529,0.264705882,0.411411373,0.148655592,0.648860399,0.165972222,0.413333333,0.071877382,0.519444444,0.277777778,0.37902979,0.098216503,0.513095238,0.191880342,0.057633741,0.00818779,0.072138929,0.04530133,0.464705882,0.113759292,0.676470588,0.294117647,0.425328583,0.144425131,0.708333333,0.235416667,0.4575,0.098193953,0.644444444,0.319444444,0.415372356,0.122489767,0.648148148,0.241880342
./datasets/Healthy_Older_People/,12,"['X', 'Y', 'Z']",1,100,50,32,-1,15,9,2,4,1,00:00:07,0.75,KNN,2023:04:12 21:30:43,5 seconds,-1,00:03:00,0,0.102800576,0.008789057,0.116810655,0.089200864,0.31838013,0.043238689,0.377537797,0.252051836,0.331913757,0.076287951,0.447141825,0.214703725,0.312175142,0.046855776,0.390698926,0.235679793,0.302609636,0.060220364,0.392800134,0.205812327,0.061586281,0.007574182,0.075545417,0.049434136,0.407142857,0.077114927,0.5,0.285714286,0.404220933,0.130966842,0.626767677,0.23015873,0.395833333,0.069652466,0.520833333,0.270833333,0.362931091,0.08216054,0.504855275,0.228571429,0.058841805,0.008107489,0.072972591,0.045985954,0.454761905,0.117344967,0.69047619,0.30952381,0.447064394,0.15062384,0.779761905,0.268055556,0.440277778,0.113736348,0.701388889,0.284722222,0.416510619,0.127403377,0.707539683,0.255621693
./datasets/Healthy_Older_People/,12,"['X', 'Y', 'Z']",1,100,50,32,-1,15,9,2,4,1,00:00:08,0.75,KNN,2023:04:12 21:30:48,5 seconds,-1,00:03:00,0,0.10187905,0.008319301,0.11537077,0.089686825,0.315010799,0.045807613,0.362203024,0.225701944,0.317431426,0.074979906,0.430778777,0.220504726,0.305994239,0.043256636,0.363865834,0.234352807,0.288708708,0.06145093,0.371032528,0.202917981,0.062494954,0.007456102,0.075668204,0.054078405,0.375,0.082285074,0.458333333,0.208333333,0.359101243,0.137348186,0.57889186,0.108363858,0.363472222,0.073476509,0.44047619,0.236111111,0.318924494,0.095068588,0.435966141,0.15,0.05921233,0.007569926,0.072386131,0.048644141,0.427083333,0.110338022,0.604166667,0.270833333,0.404560786,0.13907083,0.646794872,0.231214387,0.40827381,0.100706986,0.574603175,0.284722222,0.374845799,0.11610062,0.575811688,0.22970363
./datasets/Healthy_Older_People/,12,"['X', 'Y', 'Z']",1,100,50,32,-1,15,9,2,4,1,00:00:09,0.75,KNN,2023:04:12 21:30:51,3 seconds,-1,00:03:00,0,0.101194336,0.006685491,0.112381107,0.091520752,0.312840467,0.035255486,0.352788586,0.254539559,0.326593372,0.060521351,0.423827558,0.233177044,0.300526399,0.035607184,0.351255255,0.235565391,0.288108105,0.045995518,0.348385947,0.215417773,0.062497644,0.006943434,0.075598008,0.052696285,0.391176471,0.072103827,0.5,0.264705882,0.333995633,0.114199933,0.591524217,0.171296296,0.370833333,0.056618307,0.472222222,0.277777778,0.315773086,0.069157062,0.451984127,0.201190476,0.058148962,0.006629532,0.071218983,0.049048958,0.444117647,0.108823529,0.676470588,0.264705882,0.382351352,0.136963546,0.653968254,0.138888889,0.435833333,0.091914228,0.611111111,0.277777778,0.380178271,0.111073739,0.595400433,0.180555556
./datasets/Healthy_Older_People/,12,"['X', 'Y', 'Z']",1,100,50,32,-1,15,9,2,4,1,00:00:10,0.75,KNN,2023:04:12 21:30:54,3 seconds,-1,00:03:00,0,0.101581113,0.007195893,0.113601906,0.090724496,0.310851202,0.038758485,0.363547758,0.237491878,0.312572296,0.056663437,0.415076575,0.234251107,0.299269385,0.040047005,0.359867054,0.236427339,0.281517857,0.047257876,0.354335219,0.215610841,0.062673237,0.007333901,0.075710174,0.051219337,0.4,0.072356458,0.526315789,0.263157895,0.361367454,0.127629745,0.538126362,0.161111111,0.38,0.067415356,0.491666667,0.236111111,0.33075103,0.0818332,0.463492063,0.184722222,0.059259351,0.007320031,0.073395129,0.048253444,0.436842105,0.084210526,0.578947368,0.289473684,0.399949356,0.140153828,0.645940171,0.161111111,0.419166667,0.083633257,0.568055556,0.277777778,0.384270825,0.102769617,0.561375661,0.201388889
./datasets/Healthy_Older_People/,12,"['X', 'Y', 'Z']",1,100,50,32,-1,15,9,2,4,1,00:00:30,0.75,KNN,2023:04:12 21:30:56,1 seconds,-1,00:03:00,0,0.094168881,0.005372128,0.100900502,0.083333333,0.262710363,0.040942253,0.332152347,0.206377325,0.33572142,0.054954124,0.408192212,0.245058184,0.237808281,0.040571975,0.319039627,0.189262036,0.215906414,0.038743725,0.290112793,0.152143908,0.085152791,0.008784901,0.102318478,0.072863159,0.271428571,0.047468177,0.346938776,0.183673469,0.267719351,0.083754755,0.409356725,0.131944444,0.240694444,0.05259976,0.347222222,0.154761905,0.204902624,0.055637745,0.295299145,0.101282051,0.06722739,0.003830286,0.073264226,0.061490583,0.320408163,0.046582499,0.408163265,0.244897959,0.25319978,0.057067556,0.335066834,0.14375,0.289742063,0.047056704,0.368055556,0.221230159,0.247099052,0.047503101,0.323104455,0.171334042
./datasets/Healthy_Older_People/,12,"['X', 'Y', 'Z']",1,100,50,32,-1,15,9,2,4,1,00:01:00,0.75,KNN,2023:04:12 21:30:57,0 seconds,-1,00:03:00,0,0.099136442,0.006150152,0.109671848,0.088082902,0.221588946,0.073831116,0.317789292,0.094991364,0.223331754,0.051192294,0.312001806,0.164108195,0.200387711,0.064285407,0.292476316,0.099426562,0.168497692,0.059567294,0.254177041,0.08230902,0.096636867,0.013780659,0.118596566,0.081133816,0.229310345,0.084482759,0.327586207,0.086206897,0.214322619,0.096096719,0.426058201,0.105128205,0.205138889,0.07442436,0.291666667,0.0875,0.167963468,0.073816902,0.262019707,0.055272109,0.076552079,0.007010012,0.088849865,0.066978856,0.263793103,0.087252282,0.362068966,0.086206897,0.196080829,0.078496265,0.306242369,0.068091631,0.236111111,0.087487874,0.35625,0.077083333,0.192642545,0.075379147,0.301701223,0.062808642
./datasets/Healthy_Older_People/,12,"['X', 'Y', 'Z']",1,100,50,32,-1,15,9,2,4,1,00:02:00,0.75,KNN,2023:04:12 21:31:00,3 seconds,-1,00:03:00,0,0.100246914,0.008941886,0.114197531,0.084567901,0.217777778,0.080937579,0.381481481,0.114814815,0.191063916,0.093505466,0.355989499,0.069663743,0.184354631,0.076172263,0.35605958,0.100965411,0.155791077,0.078952142,0.314722506,0.044106005,0.110508183,0.015210645,0.131136951,0.079888028,0.223255814,0.089738518,0.406976744,0.081395349,0.177002265,0.110938197,0.354413082,0.008578431,0.187321429,0.081415488,0.368055556,0.072916667,0.15097781,0.087560187,0.320326279,0.015350877,0.088264427,0.010048952,0.10292851,0.070198105,0.237209302,0.091587761,0.418604651,0.127906977,0.181295207,0.088342954,0.347287157,0.075815101,0.200228175,0.080876531,0.372222222,0.091071429,0.169252157,0.080769321,0.334309309,0.055747126
./datasets/Healthy_Older_People/,12,"['X', 'Y', 'Z']",1,100,50,32,-1,15,9,2,4,1,00:00:03,0.75,CNN_L,2023:04:13 04:43:37,24131 seconds,71036,00:00:04,0,0.064542669,0.006527681,0.076230507,0.053539209,0.395874517,0.060563731,0.51396648,0.282982381,0.37424434,0.068117048,0.50462376,0.271123653,0.380519667,0.055559727,0.487534643,0.266626193,0.360354885,0.059086472,0.476259974,0.252427339,0.098204949,0.010199492,0.117381106,0.078543547,0.395810056,0.062049106,0.519123335,0.282337774,0.372554915,0.070205795,0.508539922,0.266707139,0.380038182,0.05708118,0.492527987,0.265430876,0.359204837,0.060720786,0.480092729,0.249525118,0.064224916,0.00649505,0.075896451,0.053283746,0.397464547,0.061200148,0.516330039,0.283841856,0.375642591,0.068065419,0.5077444,0.273937577,0.382119668,0.056000538,0.4897307,0.267279356,0.361671095,0.059264385,0.478051321,0.253485578
./datasets/Healthy_Older_People/,12,"['X', 'Y', 'Z']",1,100,50,32,-1,15,9,2,4,1,00:00:03,0.75,CNN_L,2023:04:13 08:46:28,14570 seconds,71036,00:00:05,0,0.065574607,0.005554539,0.073914814,0.054843193,0.376299957,0.053265683,0.484099699,0.277610657,0.355494394,0.064056426,0.491278762,0.237978524,0.367009456,0.050433467,0.479975377,0.264934995,0.340486504,0.053597931,0.456927515,0.23803418,0.100064558,0.00903438,0.116598522,0.081773187,0.376952873,0.054052213,0.4854745,0.276952873,0.355420747,0.063213706,0.487421414,0.238158481,0.367503193,0.051128522,0.480985496,0.263739151,0.340776378,0.054125442,0.457326607,0.23692479,0.06500415,0.005498232,0.073333415,0.054408,0.379018722,0.054717964,0.4883796,0.276307295,0.358875669,0.066171106,0.498512874,0.236647158,0.369843844,0.052088641,0.484415478,0.262633888,0.342960625,0.055247734,0.460606734,0.235744793
./datasets/Healthy_Older_People/,12,"['X', 'Y', 'Z']",1,100,50,32,-1,15,9,2,4,1,00:00:03,0.75,CNN_L,2023:04:13 10:19:01,5553 seconds,71036,00:00:06,0,0.065974074,0.005704156,0.075955649,0.058382846,0.369209282,0.055326876,0.464976364,0.273528148,0.3470264,0.064980194,0.438085506,0.243988867,0.356934851,0.053283396,0.43760291,0.257590087,0.329985099,0.062701574,0.418414514,0.217580326,0.098558665,0.00934663,0.115055615,0.082694654,0.369967707,0.056495051,0.467707212,0.272335845,0.34886951,0.066236394,0.443919083,0.240650724,0.357593198,0.054508336,0.441649549,0.256733877,0.330309883,0.064271254,0.420215841,0.216007603,0.064869921,0.005551474,0.074801237,0.057496137,0.372927879,0.056885054,0.472012917,0.274488698,0.351782507,0.065187595,0.441035744,0.246980252,0.360696936,0.054828623,0.44516273,0.258640737,0.33298825,0.064316033,0.421748312,0.218012288
./datasets/Healthy_Older_People/,12,"['X', 'Y', 'Z']",1,100,50,32,-1,15,9,2,4,1,00:00:04,0.75,CNN_L,2023:04:13 11:48:48,5386 seconds,87420,00:00:06,0,0.071672491,0.008153714,0.086534419,0.059500484,0.369406196,0.053849253,0.448042169,0.290339931,0.353265896,0.067308763,0.440556163,0.266723743,0.363116614,0.049951199,0.424029717,0.285822356,0.333818834,0.05304087,0.40870202,0.273578885,0.100570031,0.009175446,0.11435903,0.087191358,0.36999354,0.053686844,0.449612403,0.291666667,0.352904658,0.066466799,0.439464498,0.267449509,0.363752304,0.049786179,0.425189065,0.286266228,0.333938441,0.05258847,0.410106178,0.274053438,0.070824904,0.007858866,0.084926971,0.058884157,0.371124031,0.053930317,0.449289406,0.291020672,0.354203117,0.066290426,0.439571059,0.271850178,0.364987771,0.04977351,0.425680361,0.286134471,0.335093268,0.052920358,0.410218887,0.273485719
./datasets/WISDM/,10,"['X-accel', 'Y-accel', 'Z-accel']",20,100,50,32,-1,15,9,4,2,1,00:01:40,0.75,CNN_L,2023:04:14 21:49:15,1262 seconds,32787834,00:05:00,0,0.073828051,0.015790817,0.093079679,0.044591928,0.553125,0.087355722,0.690104167,0.403645833,0.570574142,0.103007504,0.763587785,0.468350184,0.555055947,0.087669126,0.694412955,0.406530398,0.514301778,0.082972586,0.670443807,0.408193952,0.068091168,0.012040855,0.082241216,0.042291865,0.579487179,0.085964383,0.717948718,0.41025641,0.586206349,0.107004441,0.811111111,0.448888889,0.588333333,0.084672572,0.725,0.425,0.534894161,0.085242907,0.681637807,0.413626374,0.062131374,0.012452919,0.079380345,0.038062086,0.569230769,0.100491887,0.743589744,0.358974359,0.577276557,0.122174779,0.811111111,0.393333333,0.578333333,0.09854497,0.75,0.375,0.525068614,0.101584453,0.709148629,0.373053221
,,,,,,,,,,,,,,,,,,,,,,,,,,,,,,,,,,,,,,,,,,,,,,,,,,,,,,,,,,,,,,,,,,,,,,,,,,,,,,,,
./datasets/RSSI/,12,"['rssiOne', 'rssiTwo']",1,100,50,32,-1,6,4,1,1,1,00:01:00,0.75,CNN_L,2023:04:15 15:39:58,103 seconds,1004732,00:02:00,0,0.073661692,0.029408333,0.115568002,0.023371599,0.392523364,0.202611994,0.785046729,0.205607477,0.372141068,0.221709333,0.808188339,0.20400035,0.383478836,0.202562588,0.776686508,0.197916667,0.358521743,0.205810007,0.762033759,0.186532357,0.062933333,0.02618619,0.089333333,0.013777778,0.493333333,0.233238076,0.933333333,0.266666667,0.390833333,0.257465088,0.888888889,0.152777778,0.458333333,0.238630351,0.916666667,0.25,0.402777778,0.256537967,0.9,0.180555556,0.058104214,0.023810385,0.085407358,0.01397159,0.48,0.228619043,0.933333333,0.333333333,0.373888889,0.260716901,0.888888889,0.186111111,0.441666667,0.239501798,0.916666667,0.291666667,0.388412698,0.258203208,0.9,0.21984127
./datasets/RSSI/,12,"['rssiOne', 'rssiTwo']",1,100,50,32,-1,6,4,1,1,1,00:00:30,0.75,CNN_L,2023:04:15 15:47:06,162 seconds,513212,00:02:00,0,0.086169296,0.005806615,0.097077881,0.081268686,0.309090909,0.047576324,0.355371901,0.23553719,0.304191913,0.051233964,0.350126236,0.215008792,0.305266248,0.047865099,0.352982371,0.230789094,0.293724869,0.046859863,0.342134963,0.215452701,0.064842209,0.008308512,0.07790927,0.053583169,0.4,0.097182532,0.5,0.25,0.295833333,0.093541435,0.375,0.125,0.4,0.097182532,0.5,0.25,0.328888889,0.094699003,0.416666667,0.166666667,0.061928152,0.004770508,0.067652771,0.056259328,0.366666667,0.084983659,0.5,0.25,0.2625,0.078616509,0.375,0.166666667,0.366666667,0.084983659,0.5,0.25,0.295555556,0.08107305,0.416666667,0.194444444
./datasets/RSSI/,12,"['rssiOne', 'rssiTwo']",1,100,50,32,-1,6,4,1,1,1,00:00:30,0.75,CNN_L,2023:04:15 16:01:09,161 seconds,513212,00:02:00,0,0.082023982,0.01129945,0.099919903,0.066225258,0.312396694,0.076846173,0.41322314,0.198347107,0.314323331,0.083786753,0.433909916,0.192485411,0.308543053,0.07700703,0.407968581,0.192408736,0.291673749,0.073198173,0.385203638,0.175731482,0.06130835,0.00956277,0.078073636,0.052843524,0.4,0.097182532,0.5,0.25,0.269444444,0.078370755,0.361111111,0.138888889,0.4,0.097182532,0.5,0.25,0.305555556,0.084254172,0.402777778,0.166666667,0.05773949,0.005966456,0.065164365,0.052624059,0.35,0.097182532,0.5,0.25,0.215277778,0.098796774,0.347222222,0.097222222,0.35,0.097182532,0.5,0.25,0.253888889,0.098281531,0.388888889,0.138888889
./datasets/Power_consumption/,3,"['Temperature', 'Humidity', 'Wind Speed', 'general diffuse flows', 'diffuse flows', 'Consumption']",1,100,50,32,-1,15,9,2,4,1,00:00:30,0.75,CNN_L,2023:04:15 17:11:52,3018 seconds,504755,00:07:00,0,0.143699387,0.037881627,0.2303943,0.105625475,0.729279021,0.04885762,0.793842035,0.623446166,0.729852297,0.052032394,0.796601588,0.61702772,0.729279021,0.04885762,0.793842035,0.623446166,0.721642992,0.060851361,0.795081483,0.58078336,0.082583759,0.028452873,0.143803647,0.056171136,0.847916667,0.071139046,0.947916667,0.71875,0.862823837,0.058266721,0.954954955,0.76352674,0.847916667,0.071139046,0.947916667,0.71875,0.837710517,0.085239142,0.947596823,0.668560833,0.083172599,0.027756667,0.144246541,0.054633101,0.860416667,0.070986354,0.958333333,0.729166667,0.875907439,0.058095956,0.962962963,0.771631039,0.860416667,0.070986354,0.958333333,0.729166667,0.850110173,0.085844872,0.958169935,0.67768364
./datasets/Power_consumption/,3,"['Temperature', 'Humidity', 'Wind Speed', 'general diffuse flows', 'diffuse flows', 'Consumption']",1,100,50,32,-1,15,9,2,4,1,00:02:00,0.75,CNN_L,2023:04:15 17:32:41,917 seconds,1979315,00:07:00,0,0.09857953,0.053211599,0.205900656,0.014922427,0.835714286,0.079880297,0.974025974,0.683261183,0.847209554,0.06589166,0.974056643,0.738116628,0.835714286,0.079880297,0.974025974,0.683261183,0.820207877,0.104713288,0.974035991,0.591580258,0.072464909,0.053136548,0.182692728,0.004285277,0.870634921,0.089864964,1,0.69047619,0.893993291,0.059724772,1,0.811666667,0.870634921,0.089864964,1,0.69047619,0.854172363,0.117651574,1,0.594871795,0.072089302,0.052940402,0.183659201,0.005464656,0.866666667,0.089284832,1,0.69047619,0.889702938,0.060080264,1,0.811666667,0.866666667,0.089284832,1,0.69047619,0.850109304,0.116644349,1,0.594871795
./datasets/Power_consumption/,3,"['Temperature', 'Humidity', 'Wind Speed', 'general diffuse flows', 'diffuse flows', 'Consumption']",1,100,50,32,-1,15,9,2,4,1,00:02:00,0.75,CNN_L,2023:04:15 18:04:24,906 seconds,1979315,00:30:00,0,0.094943901,0.054198747,0.207223162,0.020648808,0.83997114,0.081783181,0.96031746,0.67027417,0.852914509,0.066651484,0.961049143,0.722143221,0.83997114,0.081783181,0.96031746,0.67027417,0.823816832,0.106823623,0.960458658,0.580377589,0.057627133,0.051928566,0.16871858,0.003214664,0.891666667,0.1040833,1,0.666666667,0.884781145,0.156154763,1,0.444444444,0.891666667,0.1040833,1,0.666666667,0.870307796,0.142277663,1,0.533333333,0.058086826,0.051154184,0.167334435,0.003748802,0.8875,0.102147089,1,0.666666667,0.881818182,0.154919407,1,0.444444444,0.8875,0.102147089,1,0.666666667,0.866025194,0.140197868,1,0.533333333
./datasets/WISDM/,10,"['X-accel', 'Y-accel', 'Z-accel']",20,100,50,32,-1,15,9,4,2,1,00:00:08,0.75,CNN_L,2023:04:15 10:29:33,40662 seconds,2641274,00:05:00,0,0.045466453,0.009022987,0.05889566,0.031514789,0.73794754,0.045886263,0.80987938,0.674708022,0.769552006,0.059701397,0.833622668,0.66615113,0.738718763,0.045622159,0.810900277,0.680223684,0.731750494,0.049308285,0.810542915,0.661515516,0.028304719,0.010918803,0.050859673,0.009751184,0.83,0.078102497,1,0.7,0.853452381,0.08842251,1,0.683333333,0.83,0.078102497,1,0.7,0.819190476,0.084201209,1,0.681904762,0.027707657,0.010220209,0.047857148,0.010378993,0.853333333,0.070237692,1,0.766666667,0.883285714,0.079826328,1,0.733333333,0.853333333,0.070237692,1,0.766666667,0.845142857,0.076959379,1,0.740952381
./datasets/WISDM/,10,"['X-accel', 'Y-accel', 'Z-accel']",20,100,50,32,-1,15,9,4,2,1,00:00:08,0.75,MLP,2023:04:15 12:58:16,5230 seconds,502794,00:05:00,0,0.064485297,0.013023225,0.077880404,0.03520623,0.583591805,0.069832648,0.741336397,0.474822899,0.596782417,0.088789936,0.762247279,0.431453134,0.585078922,0.069626096,0.743978001,0.475226764,0.558177925,0.079718328,0.728632528,0.433402486,0.055647184,0.010848036,0.075375384,0.033776359,0.64,0.082731158,0.766666667,0.466666667,0.63247619,0.127223287,0.825,0.405833333,0.64,0.082731158,0.766666667,0.466666667,0.597718615,0.103098305,0.750714286,0.398593074,0.048083788,0.010237435,0.061717734,0.025118655,0.646666667,0.088443328,0.8,0.466666667,0.629571429,0.136612651,0.851666667,0.4075,0.646666667,0.088443328,0.8,0.466666667,0.601790043,0.10941829,0.78452381,0.394545455
./datasets/WISDM/,10,"['X-accel', 'Y-accel', 'Z-accel']",20,100,50,32,-1,15,9,4,2,1,00:00:08,0.75,KNN,2023:04:15 11:31:05,121 seconds,-1,00:05:00,0,0.0860157,0.020942533,0.133831132,0.064445721,0.565020103,0.106905587,0.675090944,0.318016466,0.592196825,0.103845297,0.7138573,0.359418161,0.56731192,0.10457624,0.678482295,0.325121763,0.551584977,0.103560893,0.664138656,0.307643272,0.055773705,0.015341723,0.094214139,0.041312108,0.616666667,0.116666667,0.766666667,0.4,0.632833333,0.154920119,0.85,0.292857143,0.616666667,0.116666667,0.766666667,0.4,0.585166667,0.127571644,0.756428571,0.320952381,0.055703981,0.015241252,0.093755225,0.040931556,0.616666667,0.116666667,0.766666667,0.4,0.632833333,0.154920119,0.85,0.292857143,0.616666667,0.116666667,0.766666667,0.4,0.585166667,0.127571644,0.756428571,0.320952381
./datasets/WISDM/,10,"['X-accel', 'Y-accel', 'Z-accel']",20,100,50,32,-1,15,9,4,2,1,00:00:08,0.75,LR,2023:04:15 13:02:35,258 seconds,-1,00:05:00,0,0.09858319,0.014818518,0.126172698,0.082864254,0.507084051,0.074092589,0.585678729,0.369136512,0.494582138,0.083977304,0.615390196,0.325292746,0.506303121,0.078044693,0.590364696,0.361853287,0.463068966,0.078094431,0.553578626,0.316470942,0.072391133,0.012029267,0.093782837,0.054482854,0.54,0.095219046,0.666666667,0.366666667,0.490391636,0.135098085,0.676666667,0.240384615,0.54,0.095219046,0.666666667,0.366666667,0.477613276,0.110868319,0.64547619,0.277380952,0.072391133,0.012029267,0.093782837,0.054482854,0.54,0.095219046,0.666666667,0.366666667,0.490391636,0.135098085,0.676666667,0.240384615,0.54,0.095219046,0.666666667,0.366666667,0.477613276,0.110868319,0.64547619,0.277380952
./datasets/WISDM/,10,"['X-accel', 'Y-accel', 'Z-accel']",20,100,50,32,-1,15,9,4,2,1,00:00:08,0.75,RF,2023:04:15 13:09:16,400 seconds,-1,00:05:00,0,0.069996171,0.008657319,0.090790733,0.06019529,0.586099943,0.0524002,0.670687344,0.487076393,0.67568063,0.063848128,0.766457517,0.557662601,0.585876775,0.054061637,0.674239454,0.484063687,0.577178853,0.058211586,0.663107202,0.447228456,0.053672914,0.011317264,0.083498851,0.042606321,0.64,0.069602043,0.733333333,0.5,0.675102273,0.091959344,0.82,0.46875,0.64,0.069602043,0.733333333,0.5,0.61567016,0.082516373,0.71952381,0.433007519,0.047203511,0.007279269,0.059862094,0.035480895,0.683333333,0.07781745,0.8,0.566666667,0.709285714,0.088397936,0.833333333,0.561666667,0.683333333,0.07781745,0.8,0.566666667,0.658259685,0.081912909,0.791904762,0.529458874
./datasets/WISDM/,10,"['X-accel', 'Y-accel', 'Z-accel']",20,100,50,32,-1,15,9,4,2,1,00:00:08,0.75,SVM,2023:04:15 13:34:54,1537 seconds,-1,00:05:00,0,0.110947731,0.016967711,0.150526517,0.092705342,0.445261344,0.084838554,0.536473291,0.247367413,0.425103537,0.064963198,0.55257504,0.288883226,0.444194773,0.087388019,0.540070404,0.242561862,0.3855798,0.067028389,0.457334566,0.226345725,0.085002514,0.012251229,0.107968902,0.069457171,0.46,0.114309521,0.6,0.2,0.355011905,0.096694086,0.47452381,0.125,0.46,0.114309521,0.6,0.2,0.377632423,0.098555098,0.509047619,0.152380952,0.085002514,0.012251229,0.107968902,0.069457171,0.46,0.114309521,0.6,0.2,0.355011905,0.096694086,0.47452381,0.125,0.46,0.114309521,0.6,0.2,0.377632423,0.098555098,0.509047619,0.152380952
./datasets/Power_consumption/,3,"['Temperature', 'Humidity', 'Wind Speed', 'general diffuse flows', 'diffuse flows', 'Consumption']",1,100,50,32,-1,15,9,2,4,1,00:03:00,0.75,CNN_L,2023:04:15 17:47:31,685 seconds,2962355,00:30:00,0,0.084175159,0.046047759,0.159696591,0.010306896,0.860369164,0.070319757,0.981541802,0.747014115,0.869832061,0.060948564,0.982208837,0.773546592,0.860369164,0.070319757,0.981541802,0.747014115,0.85065847,0.084508877,0.981624535,0.700350126,0.04742107,0.041835919,0.121966561,0.00071017,0.920833333,0.097628121,1,0.75,0.940538721,0.069526166,1,0.822222222,0.920833333,0.097628121,1,0.75,0.908375186,0.118062482,1,0.696296296,0.048216028,0.041789256,0.123612062,0.000853168,0.920833333,0.097628121,1,0.75,0.940538721,0.069526166,1,0.822222222,0.920833333,0.097628121,1,0.75,0.908375186,0.118062482,1,0.696296296
./datasets/Power_consumption/,3,"['Temperature', 'Humidity', 'Wind Speed', 'general diffuse flows', 'diffuse flows', 'Consumption']",1,100,50,32,-1,15,9,2,4,1,00:03:00,0.75,MLP,2023:04:15 18:16:11,440 seconds,1110019,00:30:00,0,0.102044949,0.054418265,0.205799149,0.02006002,0.832464712,0.082416145,0.959826276,0.67752443,0.848097502,0.071689059,0.96146713,0.703079335,0.832464712,0.082416145,0.959826276,0.67752443,0.821510081,0.096415247,0.959639249,0.641615116,0.059954549,0.044900198,0.147309472,0.003936369,0.8875,0.081330089,1,0.75,0.915866356,0.05499479,1,0.822222222,0.8875,0.081330089,1,0.75,0.874495515,0.100092167,1,0.696296296,0.060203152,0.044784485,0.146862376,0.003446614,0.883333333,0.078616509,1,0.75,0.912499352,0.053843246,1,0.818181818,0.883333333,0.078616509,1,0.75,0.870056967,0.097577053,1,0.694736842
./datasets/Power_consumption/,3,"['Temperature', 'Humidity', 'Wind Speed', 'general diffuse flows', 'diffuse flows', 'Consumption']",1,100,50,32,-1,15,9,2,4,1,00:03:00,0.75,KNN,2023:04:15 18:08:50,15 seconds,-1,00:30:00,0,0.15689468,0.036814152,0.228374955,0.096634093,0.766666667,0.062254764,0.847991314,0.626492942,0.777710107,0.055284617,0.84736267,0.656625914,0.766666667,0.062254764,0.847991314,0.626492942,0.749430317,0.085835881,0.846912671,0.540419778,0.084623813,0.04445735,0.178617807,0.032505478,0.825,0.08291562,0.958333333,0.666666667,0.822790358,0.138536698,0.962962963,0.447552448,0.825,0.08291562,0.958333333,0.666666667,0.802907766,0.115663895,0.958169935,0.534670008,0.088637286,0.038796754,0.166494197,0.042062333,0.825,0.087002554,0.958333333,0.666666667,0.824255004,0.140790335,0.962962963,0.447552448,0.825,0.087002554,0.958333333,0.666666667,0.80186197,0.118579193,0.958169935,0.534670008
./datasets/Power_consumption/,3,"['Temperature', 'Humidity', 'Wind Speed', 'general diffuse flows', 'diffuse flows', 'Consumption']",1,100,50,32,-1,15,9,2,4,1,00:03:00,0.75,LR,2023:04:15 18:16:32,21 seconds,-1,00:30:00,0,0.185957293,0.068837763,0.306912776,0.077452045,0.721064061,0.103256644,0.883821933,0.539630836,0.744392147,0.106574124,0.906165519,0.564362618,0.721064061,0.103256644,0.883821933,0.539630836,0.693616003,0.127985413,0.879979768,0.431467996,0.129800747,0.064480143,0.254869735,0.034331629,0.729166667,0.115244306,0.916666667,0.541666667,0.711429774,0.189085881,0.925925926,0.362962963,0.729166667,0.115244306,0.916666667,0.541666667,0.688599863,0.150198841,0.913165266,0.427962489,0.129800747,0.064480143,0.254869735,0.034331629,0.729166667,0.115244306,0.916666667,0.541666667,0.711429774,0.189085881,0.925925926,0.362962963,0.729166667,0.115244306,0.916666667,0.541666667,0.688599863,0.150198841,0.913165266,0.427962489
./datasets/Power_consumption/,3,"['Temperature', 'Humidity', 'Wind Speed', 'general diffuse flows', 'diffuse flows', 'Consumption']",1,100,50,32,-1,15,9,2,4,1,00:03:00,0.75,RF,2023:04:15 18:16:54,22 seconds,-1,00:30:00,0,0.150850525,0.074394442,0.279406442,0.015562794,0.782084691,0.101541916,0.977198697,0.619978284,0.806590867,0.083777356,0.977756519,0.67257074,0.782084691,0.101541916,0.977198697,0.619978284,0.753435286,0.13524511,0.977188471,0.51285877,0.098833293,0.066336609,0.210047886,0.002069637,0.820833333,0.114942619,1,0.625,0.808832371,0.183871389,1,0.416666667,0.820833333,0.114942619,1,0.625,0.789105692,0.156802726,1,0.5,0.104732773,0.072498105,0.252597192,0.002100073,0.808333333,0.116666667,1,0.625,0.79788961,0.189061779,1,0.416666667,0.808333333,0.116666667,1,0.625,0.775343096,0.157638832,1,0.5
./datasets/Power_consumption/,3,"['Temperature', 'Humidity', 'Wind Speed', 'general diffuse flows', 'diffuse flows', 'Consumption']",1,100,50,32,-1,15,9,2,4,1,00:03:00,0.75,SVM,2023:04:15 18:17:54,60 seconds,-1,00:30:00,0,0.223380384,0.067380526,0.373507058,0.123778502,0.664929425,0.101070789,0.814332248,0.439739414,0.680946395,0.088985456,0.814151809,0.494895711,0.664929425,0.101070789,0.814332248,0.439739414,0.639814473,0.123250336,0.809068774,0.349274231,0.147802532,0.068072214,0.311419528,0.064138463,0.675,0.124721913,0.875,0.375,0.639851445,0.19568532,0.891666667,0.238095238,0.675,0.124721913,0.875,0.375,0.618902283,0.161658512,0.873677249,0.244514107,0.147802532,0.068072214,0.311419528,0.064138463,0.675,0.124721913,0.875,0.375,0.639851445,0.19568532,0.891666667,0.238095238,0.675,0.124721913,0.875,0.375,0.618902283,0.161658512,0.873677249,0.244514107
./datasets/RSSI/,12,"['rssiOne', 'rssiTwo']",1,100,50,32,-1,6,4,1,1,1,00:00:30,0.75,CNN_L,2023:04:15 15:34:51,164 seconds,513212,00:02:00,0,0.080180381,0.011056594,0.096222871,0.066059271,0.355371901,0.078794621,0.487603306,0.252066116,0.340667364,0.089368102,0.485009646,0.221739459,0.351062948,0.07910987,0.484287014,0.248270297,0.329431546,0.079800074,0.467237079,0.228985227,0.057758054,0.008120789,0.069197896,0.045693623,0.483333333,0.081649658,0.583333333,0.333333333,0.358333333,0.09953596,0.5,0.194444444,0.483333333,0.081649658,0.583333333,0.333333333,0.397222222,0.09403506,0.527777778,0.236111111,0.055322784,0.007332195,0.064357127,0.043601464,0.516666667,0.097182532,0.666666667,0.416666667,0.398611111,0.14010578,0.625,0.229166667,0.516666667,0.097182532,0.666666667,0.416666667,0.434444444,0.128194971,0.638888889,0.283333333
./datasets/RSSI/,12,"['rssiOne', 'rssiTwo']",1,100,50,32,-1,6,4,1,1,1,00:00:30,0.75,MLP,2023:04:15 16:18:29,134 seconds,74764,00:02:00,0,0.080357631,0.004109268,0.086982941,0.076536616,0.270247934,0.026983186,0.318181818,0.243801653,0.256238363,0.044999269,0.329490903,0.210628687,0.267713595,0.029520689,0.321418371,0.238705033,0.246920581,0.02952283,0.293682763,0.213902514,0.069838922,0.009429828,0.085387903,0.059171598,0.266666667,0.062360956,0.333333333,0.166666667,0.148611111,0.042035405,0.194444444,0.069444444,0.266666667,0.062360956,0.333333333,0.166666667,0.181666667,0.046034072,0.236111111,0.097222222,0.062428931,0.003085883,0.066006159,0.058404601,0.3,0.084983659,0.416666667,0.166666667,0.181944444,0.066666667,0.277777778,0.069444444,0.3,0.084983659,0.416666667,0.166666667,0.215,0.071093748,0.319444444,0.097222222
./datasets/RSSI/,12,"['rssiOne', 'rssiTwo']",1,100,50,32,-1,6,4,1,1,1,00:00:30,0.75,KNN,2023:04:15 16:16:14,1 seconds,-1,00:02:00,0,0.096487603,0.003581267,0.101239669,0.092286501,0.214876033,0.046531201,0.29338843,0.148760331,0.231678468,0.029223008,0.258178525,0.19156279,0.209602795,0.045110401,0.284777601,0.144981773,0.175897822,0.032213733,0.230594081,0.142524703,0.091584484,0.010703542,0.110289283,0.079142012,0.25,0.091287093,0.333333333,0.083333333,0.132368326,0.071128778,0.21875,0.007575758,0.25,0.091287093,0.333333333,0.083333333,0.154166667,0.07877992,0.240740741,0.013888889,0.071367521,0.002727106,0.075156147,0.068951348,0.316666667,0.062360956,0.416666667,0.25,0.183888889,0.056741508,0.243055556,0.086111111,0.316666667,0.062360956,0.416666667,0.25,0.218888889,0.05542763,0.283333333,0.125
./datasets/RSSI/,12,"['rssiOne', 'rssiTwo']",1,100,50,32,-1,6,4,1,1,1,00:00:30,0.75,LR,2023:04:15 16:18:30,0 seconds,-1,00:02:00,0,0.123966942,0.010731433,0.140495868,0.110881543,0.256198347,0.064388599,0.334710744,0.157024793,0.254185272,0.058348034,0.356051742,0.183541998,0.25432237,0.064007205,0.335713709,0.156300157,0.241772858,0.058716033,0.334080935,0.159461154,0.070545694,0.014094343,0.093523997,0.053090072,0.316666667,0.143372088,0.5,0.083333333,0.205555556,0.113226393,0.361111111,0.020833333,0.316666667,0.143372088,0.5,0.083333333,0.238333333,0.123633269,0.402777778,0.033333333,0.070545694,0.014094343,0.093523997,0.053090072,0.316666667,0.143372088,0.5,0.083333333,0.205555556,0.113226393,0.361111111,0.020833333,0.316666667,0.143372088,0.5,0.083333333,0.238333333,0.123633269,0.402777778,0.033333333
./datasets/RSSI/,12,"['rssiOne', 'rssiTwo']",1,100,50,32,-1,6,4,1,1,1,00:00:30,0.75,RF,2023:04:15 16:18:32,2 seconds,-1,00:02:00,0,0.080922865,0.00144464,0.082988981,0.079545455,0.145454545,0.028676614,0.185950413,0.099173554,0.130662415,0.020296961,0.165049329,0.104265497,0.141060986,0.027586827,0.179615706,0.096073517,0.086297637,0.025508119,0.120922359,0.042061237,0.134648258,0.007072801,0.147846811,0.128369494,0.133333333,0.040824829,0.166666667,0.083333333,0.049141414,0.037552585,0.090909091,0.006944444,0.133333333,0.040824829,0.166666667,0.083333333,0.058158508,0.038263512,0.097222222,0.012820513,0.077210717,0.002295387,0.081402038,0.075402696,0.233333333,0.033333333,0.25,0.166666667,0.103287037,0.034100734,0.134259259,0.05,0.233333333,0.033333333,0.25,0.166666667,0.127607023,0.03248165,0.155555556,0.070707071
./datasets/RSSI/,12,"['rssiOne', 'rssiTwo']",1,100,50,32,-1,6,4,1,1,1,00:00:30,0.75,SVM,2023:04:15 16:18:37,5 seconds,-1,00:02:00,0,0.127548209,0.008595306,0.139807163,0.114325069,0.234710744,0.051571837,0.314049587,0.161157025,0.206619661,0.05574142,0.306872581,0.158837581,0.234766979,0.051278875,0.313710785,0.16248038,0.200260558,0.04729079,0.283924372,0.148320887,0.076972387,0.010980997,0.090811966,0.058514135,0.25,0.091287093,0.416666667,0.166666667,0.131111111,0.031836775,0.180555556,0.097222222,0.25,0.091287093,0.416666667,0.166666667,0.163888889,0.04843221,0.25,0.111111111,0.076972387,0.010980997,0.090811966,0.058514135,0.25,0.091287093,0.416666667,0.166666667,0.131111111,0.031836775,0.180555556,0.097222222,0.25,0.091287093,0.416666667,0.166666667,0.163888889,0.04843221,0.25,0.111111111